-- Ordre recomanat: Categories, Clients, Proveidors, Empleats, Transportistes, Productes, Comandes, DetallsComanda

INSERT INTO `Categories` (`IdCategoria`,`NomCategoria`,`Descripcio`) VALUES
  (1, 'Begudes', 'Refrescos, cafès, tes, cerveses i ales'),
  (2, 'Condiments', 'Salses dolces i salades, relishes, cremes i espècies'),
  (3, 'Confiteria', 'Postres, caramels i pans dolços'),
  (4, 'Làctics', 'Formatges, llets i derivats'),
  (5, 'Cereals', 'Cereals i pastes'),
  (6, 'Carns', 'Carns curades i fresques'),
  (7, 'Peix i marisc', 'Productes del mar'),
  (8, 'Fruita i verdura', 'Productes frescos');

INSERT INTO `Clients` (`IdClient`,`NomClient`,`NomContacte`,`Adressa`,`Ciutat`,`CodiPostal`,`Pais`) VALUES
  (1, 'Miró Logística', 'Anna Font', 'Passeig del Sol, 139', 'Sant Sebastià', '20001', 'Espanya'),
  (2, 'Aliments Casas', 'Laia Ferrer', 'Avinguda Gran Via, 44', 'Còrdova', '14001', 'Espanya'),
  (3, 'Font i Fills', 'Clara Casas', 'Avinguda del Sol, 47', 'València', '46001', 'Espanya'),
  (4, 'Pons Distribucions', 'Clara Vila', 'Avinguda de Girona, 125', 'Figueres', '17600', 'Espanya'),
  (5, 'Puig i Fills', 'Clara Ribas', 'Avinguda Catalunya, 185', 'A Corunya', '15001', 'Espanya'),
  (6, 'Ferrer Logística', 'Pere Soler', 'Passeig Gran Via, 128', 'Sevilla', '41001', 'Espanya'),
  (7, 'Embotits del Tarragona', 'Anna Ferrer', 'Passeig Major, 14', 'Tarragona', '43001', 'Espanya'),
  (8, 'Begudes Soler', 'Oriol Serra', 'Carrer de Girona, 77', 'València', '46001', 'Espanya'),
  (9, 'Vila Distribucions', 'Pere Font', 'Passeig de Gràcia, 132', 'Madrid', '28001', 'Espanya'),
  (10, 'Forn Vila', 'Laia Miró', 'Passeig de Gràcia, 102', 'Saragossa', '50001', 'Espanya'),
  (11, 'Mercats Mataró', 'Marc Serra', 'Passeig Gran Via, 121', 'Mataró', '08301', 'Espanya'),
  (12, 'Ferrer Distribucions', 'Laura Prat', 'Avinguda Major, 162', 'Reus', '43201', 'Espanya'),
  (13, 'Cooperativa Còrdova', 'Clara Puig', 'Avinguda de la Pau, 72', 'Còrdova', '14001', 'Espanya'),
  (14, 'Cooperativa Manresa', 'Laura Ribas', 'Passeig del Sol, 179', 'Manresa', '08240', 'Espanya'),
  (15, 'Mercats Sevilla', 'Laura Serra', 'Plaça de València, 184', 'Sevilla', '41001', 'Espanya'),
  (16, 'Aliments Serra', 'Marc Prat', 'Passeig Major, 119', 'Girona', '17001', 'Espanya'),
  (17, 'Pujol Distribucions', 'Clara Casas', 'Plaça Gran Via, 180', 'Bilbao', '48001', 'Espanya'),
  (18, 'Forn Pons', 'Jordi Ribas', 'Passeig Major, 101', 'Bilbao', '48001', 'Espanya'),
  (19, 'Aliments Puig', 'Jordi Ferrer', 'Avinguda del Sol, 155', 'Terrassa', '08221', 'Espanya'),
  (20, 'Ribas Logística', 'Núria Pujol', 'Passeig Gran Via, 138', 'Sant Sebastià', '20001', 'Espanya'),
  (21, 'Begudes Pons', 'Clara Font', 'Carrer de Girona, 103', 'Barcelona', '08001', 'Espanya'),
  (22, 'Embotits Vila', 'Oriol Ferrer', 'Plaça del Sol, 164', 'Bilbao', '48001', 'Espanya'),
  (23, 'Cafès Ferrer', 'Oriol Ferrer', 'Passeig Gran Via, 74', 'Terrassa', '08221', 'Espanya'),
  (24, 'Casas Logística', 'Clara Pujol', 'Avinguda de la Pau, 18', 'Valladolid', '47001', 'Espanya'),
  (25, 'Pujol Distribucions', 'Anna Serra', 'Carrer Marina, 27', 'Badalona', '08911', 'Espanya'),
  (26, 'Begudes Soler', 'Marta Pons', 'Passeig Catalunya, 40', 'Valladolid', '47001', 'Espanya'),
  (27, 'Fruita Vila', 'Oriol Vila', 'Plaça de Gràcia, 83', 'Lleida', '25001', 'Espanya'),
  (28, 'Aliments Font', 'Laura Font', 'Plaça de Gràcia, 111', 'Girona', '17001', 'Espanya'),
  (29, 'Cooperativa Valladolid', 'Joan Miró', 'Carrer Sant Pere, 166', 'Valladolid', '47001', 'Espanya'),
  (30, 'Prat i Fills', 'Joan Pons', 'Avinguda Gran Via, 57', 'Mataró', '08301', 'Espanya'),
  (31, 'Cooperativa Sant Sebastià', 'Sergi Prat', 'Plaça de la Pau, 177', 'Sant Sebastià', '20001', 'Espanya'),
  (32, 'Mercats Màlaga', 'Sergi Casas', 'Passeig de València, 136', 'Màlaga', '29001', 'Espanya'),
  (33, 'Ferrer Distribucions', 'Pere Vila', 'Carrer de Girona, 144', 'Tarragona', '43001', 'Espanya'),
  (34, 'Embotits del Tarragona', 'Sergi Vila', 'Avinguda del Sol, 35', 'Tarragona', '43001', 'Espanya'),
  (35, 'Casas Logística', 'Jordi Serra', 'Passeig Marina, 172', 'Barcelona', '08001', 'Espanya'),
  (36, 'Mercats Badalona', 'Laia Font', 'Carrer de València, 51', 'Badalona', '08911', 'Espanya'),
  (37, 'Aliments Miró', 'Sergi Puig', 'Avinguda Marina, 140', 'Còrdova', '14001', 'Espanya'),
  (38, 'Cooperativa Girona', 'Laia Miró', 'Passeig Sant Pere, 77', 'Girona', '17001', 'Espanya'),
  (39, 'Font Distribucions', 'Anna Prat', 'Plaça de València, 130', 'Reus', '43201', 'Espanya'),
  (40, 'Vila Logística', 'Marta Casas', 'Passeig Catalunya, 113', 'Valladolid', '47001', 'Espanya'),
  (41, 'Soler Distribucions', 'Joan Miró', 'Plaça Major, 185', 'Madrid', '28001', 'Espanya'),
  (42, 'Aliments Serra', 'Jordi Miró', 'Plaça Marina, 56', 'Valladolid', '47001', 'Espanya'),
  (43, 'Peix Puig', 'Laura Prat', 'Carrer de Gràcia, 28', 'Granollers', '08400', 'Espanya'),
  (44, 'Font i Fills', 'Sergi Ribas', 'Plaça de Girona, 147', 'Lleida', '25001', 'Espanya'),
  (45, 'Casas Distribucions', 'Jordi Font', 'Passeig Catalunya, 110', 'Saragossa', '50001', 'Espanya'),
  (46, 'Peix Vila', 'Anna Miró', 'Passeig de Gràcia, 5', 'Reus', '43201', 'Espanya'),
  (47, 'Cooperativa Saragossa', 'Sergi Prat', 'Avinguda Sant Pere, 185', 'Saragossa', '50001', 'Espanya'),
  (48, 'Aliments Prat', 'Sergi Ferrer', 'Plaça Major, 166', 'Manresa', '08240', 'Espanya'),
  (49, 'Aliments Pons', 'Laura Pons', 'Passeig Sant Pere, 141', 'Saragossa', '50001', 'Espanya'),
  (50, 'Casas Logística', 'Pere Miró', 'Passeig Sant Pere, 87', 'Sevilla', '41001', 'Espanya'),
  (51, 'Aliments Pujol', 'Laura Font', 'Carrer de Gràcia, 83', 'Tarragona', '43001', 'Espanya'),
  (52, 'Vila i Fills', 'Oriol Pons', 'Passeig del Sol, 8', 'Figueres', '17600', 'Espanya'),
  (53, 'Miró Logística', 'Clara Puig', 'Plaça Catalunya, 6', 'Mataró', '08301', 'Espanya'),
  (54, 'Vila i Fills', 'Clara Vila', 'Passeig de Girona, 37', 'Reus', '43201', 'Espanya'),
  (55, 'Miró Logística', 'Laia Ribas', 'Passeig Catalunya, 63', 'Màlaga', '29001', 'Espanya'),
  (56, 'Fruita del Bilbao', 'Oriol Ribas', 'Carrer Marina, 137', 'Bilbao', '48001', 'Espanya'),
  (57, 'Soler Distribucions', 'Joan Pons', 'Plaça Catalunya, 92', 'Terrassa', '08221', 'Espanya'),
  (58, 'Mercats Barcelona', 'Sergi Serra', 'Carrer de València, 112', 'Barcelona', '08001', 'Espanya'),
  (59, 'Cooperativa Sevilla', 'Anna Pons', 'Passeig Gran Via, 67', 'Sevilla', '41001', 'Espanya'),
  (60, 'Làctics del Manresa', 'Sergi Prat', 'Avinguda Gran Via, 35', 'Manresa', '08240', 'Espanya'),
  (61, 'Produits Dubois', 'Claire Michel', 'Boulevard Saint-Honoré, 97', 'Bordeus', '33000', 'França'),
  (62, 'Graz Feinkost', 'Lea Bauer', 'Hofplatz 90', 'Graz', '8010', 'Àustria'),
  (63, 'Smit Import BV', 'Daan Smit', 'Marktlaan 150', 'Amsterdam', '1011', 'Països Baixos'),
  (64, 'Tòquio Foods', 'Ren Sato', 'Akihabara 5-12-33', 'Tòquio', '100-0001', 'Japó'),
  (65, 'Mayer & Söhne', 'Paul Gruber', 'Ringgasse 58', 'Viena', '1010', 'Àustria'),
  (66, 'Taylor Trading Ltd', 'Amelia Taylor', 'George Lane, 25', 'Manchester', 'M1', 'Regne Unit'),
  (67, 'Davis Foods Inc.', 'Ashley Jones', '30 Broadway Rd', 'Seattle', '98104', 'Estats Units'),
  (68, 'Yamamoto Market', 'Sora Kato', 'Akihabara 4-20-48', 'Tòquio', '100-0001', 'Japó'),
  (69, 'Vini di Roma', 'Luca Rossi', 'Corso Dante, 34', 'Roma', '00118', 'Itàlia'),
  (70, 'Vini di Milà', 'Sofia Ferrari', 'Via Vittorio Emanuele, 152', 'Milà', '20100', 'Itàlia'),
  (71, 'Vins de Marsella', 'Claire Michel', 'Rue de Lyon, 157', 'Marsella', '13001', 'França'),
  (72, 'Trattoria Ferrari', 'Sofia Gallo', 'Via Vittorio Emanuele, 177', 'Bologna', '40121', 'Itàlia'),
  (73, 'Pichler & Söhne', 'Paul Gruber', 'Schlossgasse 105', 'Graz', '8010', 'Àustria'),
  (74, 'Queijos Porto', 'José Silva', 'Rua Augusta, 105', 'Porto', '4000-001', 'Portugal'),
  (75, 'Amsterdam Delicatessen', 'Sem de Vries', 'Damlaan 88', 'Amsterdam', '1011', 'Països Baixos'),
  (76, 'Alpen Delikatessen', 'Lukas Baumann', 'Schweizerweg 161', 'Zuric', '8001', 'Suïssa'),
  (77, 'Osaka Import', 'Haruto Takahashi', 'Shinjuku 2-8-39', 'Osaka', '530-0001', 'Japó'),
  (78, 'Mercearia Martins', 'Pedro Costa', 'Rua da República, 118', 'Lisboa', '1100-001', 'Portugal'),
  (79, 'Bäckerei Baumann', 'Noah Meier', 'Seestrasse 109', 'Basel', '4001', 'Suïssa'),
  (80, 'Nilsson Chark', 'Anna Nilsson', 'Sveavägen 5', 'Estocolm', '111 29', 'Suècia'),
  (81, 'Gastronomia Esposito', 'Maria Russo', 'Via Verdi, 142', 'Torí', '10121', 'Itàlia'),
  (82, 'Berlin Feinkost', 'Hans Fischer', 'Gartenweg 127', 'Berlin', '10115', 'Alemanya'),
  (83, 'Smit Import BV', 'Daan Jansen', 'Koninginstraat 175', 'Utrecht', '3511', 'Països Baixos'),
  (84, 'Amsterdam Delicatessen', 'Noah de Vries', 'Damstraat 170', 'Amsterdam', '1011', 'Països Baixos'),
  (85, 'Mayer & Söhne', 'Daniel Mayer', 'Ringplatz 130', 'Salzburg', '5020', 'Àustria'),
  (86, 'Andersson Bageri', 'Karl Johansson', 'Drottningvägen 150', 'Göteborg', '411 03', 'Suècia'),
  (87, 'Johnson Market', 'Michael Johnson', '763 Cedar Rd', 'Los Angeles', '90012', 'Estats Units'),
  (88, 'Doçaria Oliveira', 'Miguel Silva', 'Rua dos Aliados, 49', 'Coïmbra', '3000-001', 'Portugal'),
  (89, 'Smit Import BV', 'Daan Bakker', 'Prinsenstraat 85', 'Rotterdam', '3011', 'Països Baixos'),
  (90, 'Alimentari Ferrari', 'Luca Gallo', 'Via Vittorio Emanuele, 61', 'Roma', '00118', 'Itàlia');

INSERT INTO `Proveidors` (`IdProveidor`,`NomProveidor`,`NomContacte`,`Adressa`,`Ciutat`,`CodiPostal`,`Pais`) VALUES
  (1, 'Peix Pujol', 'Anna Soler', 'Avinguda Sant Pere, 106', 'Sevilla', '41001', 'Espanya'),
  (2, 'Forn del Granollers', 'Jordi Vila', 'Passeig Catalunya, 53', 'Granollers', '08400', 'Espanya'),
  (3, 'Cooperativa València', 'Joan Ferrer', 'Carrer Gran Via, 170', 'València', '46001', 'Espanya'),
  (4, 'Aliments Font', 'Laia Casas', 'Carrer de Girona, 8', 'Sabadell', '08201', 'Espanya'),
  (5, 'Aliments del Badalona', 'Laura Vila', 'Passeig de Girona, 187', 'Badalona', '08911', 'Espanya'),
  (6, 'Aliments Font', 'Anna Serra', 'Passeig de València, 76', 'Reus', '43201', 'Espanya'),
  (7, 'Soler Logística', 'Pere Casas', 'Passeig de la Pau, 198', 'Badalona', '08911', 'Espanya'),
  (8, 'Mercats Badalona', 'Laia Soler', 'Passeig Major, 154', 'Badalona', '08911', 'Espanya'),
  (9, 'Aliments Serra', 'Laura Vila', 'Plaça Catalunya, 30', 'Còrdova', '14001', 'Espanya'),
  (10, 'Embotits del Saragossa', 'Sergi Soler', 'Carrer de la Pau, 69', 'Saragossa', '50001', 'Espanya'),
  (11, 'Vila Logística', 'Clara Prat', 'Carrer de Gràcia, 122', 'Terrassa', '08221', 'Espanya'),
  (12, 'Aliments Pujol', 'Clara Ferrer', 'Carrer Gran Via, 10', 'Màlaga', '29001', 'Espanya'),
  (13, 'Mercats Màlaga', 'Joan Soler', 'Avinguda del Sol, 90', 'Màlaga', '29001', 'Espanya'),
  (14, 'Prat Distribucions', 'Marta Prat', 'Avinguda de Gràcia, 12', 'Sevilla', '41001', 'Espanya'),
  (15, 'Mercats Badalona', 'Marc Pons', 'Avinguda Marina, 177', 'Badalona', '08911', 'Espanya'),
  (16, 'Cooperativa Badalona', 'Laia Pons', 'Passeig Gran Via, 119', 'Badalona', '08911', 'Espanya'),
  (17, 'Mercats Tarragona', 'Oriol Miró', 'Avinguda Sant Pere, 89', 'Tarragona', '43001', 'Espanya'),
  (18, 'Cafès del Girona', 'Laura Ferrer', 'Plaça de la Pau, 188', 'Girona', '17001', 'Espanya'),
  (19, 'Aliments del Badalona', 'Marc Prat', 'Passeig de Girona, 183', 'Badalona', '08911', 'Espanya'),
  (20, 'Embotits del Girona', 'Oriol Casas', 'Passeig del Sol, 158', 'Girona', '17001', 'Espanya'),
  (21, 'Forn del Badalona', 'Jordi Miró', 'Plaça de Girona, 9', 'Badalona', '08911', 'Espanya'),
  (22, 'Fruita Puig', 'Marta Puig', 'Passeig de València, 77', 'Granollers', '08400', 'Espanya'),
  (23, 'Mercats Màlaga', 'Sergi Ferrer', 'Passeig del Sol, 116', 'Màlaga', '29001', 'Espanya'),
  (24, 'Serra Logística', 'Joan Pujol', 'Plaça de Gràcia, 77', 'Màlaga', '29001', 'Espanya'),
  (25, 'Basel Feinwaren', 'Nina Keller', 'Seeplatz 149', 'Basel', '4001', 'Suïssa'),
  (26, 'Vinhos de Lisboa', 'João Costa', 'Rua de Camões, 182', 'Lisboa', '1100-001', 'Portugal'),
  (27, 'Osaka Import', 'Hina Takahashi', 'Akihabara 3-10-25', 'Osaka', '530-0001', 'Japó'),
  (28, 'Produits Michel', 'François Garcia', 'Avenue Victor Hugo, 181', 'Nantes', '44000', 'França'),
  (29, 'Colònia Feinkost', 'Mia Becker', 'Bahnhofstraße 84', 'Colònia', '50667', 'Alemanya'),
  (30, 'Padaria Silva', 'Mariana Ferreira', 'Praça da República, 58', 'Lisboa', '1100-001', 'Portugal'),
  (31, 'Moser Käse', 'Paul Moser', 'Schlossplatz 123', 'Salzburg', '5020', 'Àustria'),
  (32, 'Baker Johnson', 'John Johnson', 'Oxford Avenue, 120', 'Manchester', 'M1', 'Regne Unit'),
  (33, 'van den Berg Handel BV', 'Daan Visser', 'Damlaan 176', 'Amsterdam', '1011', 'Països Baixos'),
  (34, 'Vini di Bologna', 'Marco Russo', 'Via Garibaldi, 110', 'Bologna', '40121', 'Itàlia'),
  (35, 'Miller Market', 'Jessica Jones', '138 Market Blvd', 'San Francisco', '94102', 'Estats Units'),
  (36, 'Jansen Kaas', 'Finn de Vries', 'Prinsenlaan 154', 'Rotterdam', '3011', 'Països Baixos'),
  (37, 'Ginebra Markt', 'Leon Baumann', 'Bahnhofstrasse 194', 'Ginebra', '1201', 'Suïssa'),
  (38, 'Baker Taylor', 'Amelia White', 'Baker Avenue, 25', 'Londres', 'SW1A', 'Regne Unit'),
  (39, 'Pichler Delikatessen', 'Emma Mayer', 'Hofplatz 66', 'Viena', '1010', 'Àustria'),
  (40, 'Queijos Lisboa', 'Pedro Oliveira', 'Rua de Camões, 179', 'Lisboa', '1100-001', 'Portugal');

INSERT INTO `Empleats` (`IdEmpleat`,`Cognom`,`Nom`,`DataNaixement`,`Foto`,`Notes`) VALUES
  (1, 'Puig', 'Anna', '1958-07-21', NULL, 'Director de vendes'),
  (2, 'Soler', 'Jordi', '1963-01-16', NULL, 'Director de vendes'),
  (3, 'Ferrer', 'Marta', '1964-04-26', NULL, 'Assist. comercial'),
  (4, 'Vila', 'Oriol', '1959-12-10', NULL, 'Representant de vendes'),
  (5, 'Prats', 'Clara', '1963-01-17', NULL, 'Assist. comercial'),
  (6, 'Riera', 'Sergi', '1968-05-25', NULL, 'Assist. comercial'),
  (7, 'Pons', 'Laia', '1964-04-06', NULL, 'Representant de vendes'),
  (8, 'Font', 'Marc', '1959-06-27', NULL, 'Assist. comercial'),
  (9, 'Casals', 'Núria', '1960-09-20', NULL, 'Representant de vendes'),
  (10, 'Miró', 'Pere', '1968-05-15', NULL, 'Assist. comercial');

INSERT INTO `Transportistes` (`IdTransportista`,`NomTransportista`,`Telefon`) VALUES
  (1, 'Express Ràpid', '+34 933 555 001'),
  (2, 'Paquet Global', '+34 915 555 002'),
  (3, 'Enviaments Federals', '+34 932 555 003');

INSERT INTO `Productes` (`IdProducte`,`NomProducte`,`IdProveidor`,`IdCategoria`,`Unitat`,`Preu`) VALUES
  (1, 'Pastanagues', 1, 8, '12 safates de 1 kg', 16.88),
  (2, 'Sardines en llauna premium', 1, 7, '20 llaunes de 120 g', 53.46),
  (3, 'Mantega salada Empordà', 1, 4, '24 iogurts de 125 g', 13.75),
  (4, 'Refresc de taronja Bravamar', 2, 1, '10 llaunes de 330 ml', 12.68),
  (5, 'Peres Conferència Alpina', 2, 8, '6 kg', 56.20),
  (6, 'seitons en vinagre', 3, 7, '6 llaunes de 120 g', 3.66),
  (7, 'Tònic gurmet', 3, 1, '6 ampolles de 1 L', 74.55),
  (8, 'Vinagre balsàmic', 3, 2, '10 pots de 250 g', 10.87),
  (9, 'Cereals de blat Fontdelpi', 4, 5, '10 caixes x 12', 74.02),
  (10, 'Pit de gall dindi Selecta', 4, 6, '20 peces', 55.52),
  (11, 'Ceba dolça Selecta', 4, 8, '24 safates de 1 kg', 56.99),
  (12, 'Pit de gall dindi Alpina', 5, 6, '20 safates de 500 g', 59.54),
  (13, 'Cupcakes', 5, 3, '24 barres de 100 g', 53.59),
  (14, 'Cereals de blat eco', 5, 5, '20 paquets de 500 g', 61.51),
  (15, 'Suc de poma Selecta', 6, 1, '10 llaunes de 330 ml', 23.76),
  (16, 'Pollastre rostit', 6, 6, '20 peces', 71.08),
  (17, 'Ordi perlat', 6, 5, '10 bosses de 1 kg', 33.23),
  (18, 'Pit de gall dindi gurmet', 7, 6, '10 safates de 500 g', 76.12),
  (19, 'Galetes d''ametlla Empordà', 7, 3, '20 barres de 100 g', 36.38),
  (20, 'Aigua mineral premium', 7, 1, '6 llaunes de 330 ml', 57.99),
  (21, 'Sardines en llauna Penedès', 8, 7, '6 safates de 500 g', 11.10),
  (22, 'Pomes Golden Penedès', 8, 8, '20 kg', 7.89),
  (23, 'Pit de gall dindi eco', 9, 6, '24 bosses de 1 kg', 36.75),
  (24, 'Tonyina en oli', 9, 7, '6 llaunes de 120 g', 56.55),
  (25, 'Infusió de camamilla Bravamar', 9, 1, '6 llaunes de 330 ml', 34.40),
  (26, 'Xoriço picant', 10, 6, '20 bosses de 1 kg', 17.67),
  (27, 'Cupcakes clàssic', 10, 3, '6 barres de 100 g', 42.26),
  (28, 'Bacallà dessalat intens', 10, 7, '12 paquets de 300 g', 20.48),
  (29, 'Mató artesà', 11, 4, '20 envasos de 1 L', 35.11),
  (30, 'Farina de força', 11, 5, '12 paquets de 500 g', 74.77),
  (31, 'Salsa de soja Montseny', 11, 2, '12 pots de 500 g', 35.32),
  (32, 'Refresc de taronja', 12, 1, '20 ampolles de 500 ml', 72.28),
  (33, 'Quinoa', 12, 5, '20 paquets de 500 g', 16.65),
  (34, 'Tomàquets pera', 12, 8, '20 caixes de 5 kg', 13.77),
  (35, 'Bacallà dessalat', 13, 7, '20 llaunes de 120 g', 28.91),
  (36, 'Pesto Fontdelpi', 13, 2, '24 pots de 250 g', 13.10),
  (37, 'Ordi perlat Delta', 14, 5, '12 caixes x 12', 24.81),
  (38, 'Allioli Rial', 14, 2, '10 pots de 250 g', 57.05),
  (39, 'Pit de gall dindi', 14, 6, '20 safates de 500 g', 11.08),
  (40, 'Quinoa', 15, 5, '24 paquets de 500 g', 36.37),
  (41, 'Mostassa antiga', 15, 2, '6 pots de 500 g', 27.98),
  (42, 'Musclos escabetx Penedès', 16, 7, '24 safates de 500 g', 7.88),
  (43, 'Pollastre rostit', 16, 6, '20 safates de 500 g', 24.31),
  (44, 'Aigua mineral', 16, 1, '12 llaunes de 330 ml', 66.26),
  (45, 'Pebrots vermells', 17, 8, '6 caixes de 5 kg', 5.23),
  (46, 'Caramels de mel', 17, 3, '24 barres de 100 g', 19.51),
  (47, 'Pit de gall dindi intens', 17, 6, '24 bosses de 1 kg', 16.36),
  (48, 'Arròs bomba Delta', 18, 5, '6 paquets de 500 g', 19.54),
  (49, 'Salsa de soja Raval', 18, 2, '12 ampolles de 250 ml', 27.75),
  (50, 'Suc de poma Rial', 18, 1, '20 ampolles de 500 ml', 60.31),
  (51, 'Xoriço picant Cristall', 19, 6, '12 bosses de 1 kg', 46.00),
  (52, 'Ketchup clàssic', 19, 2, '12 ampolles de 250 ml', 58.10),
  (53, 'Refresc de taronja Empordà', 20, 1, '24 ampolles de 500 ml', 44.39),
  (54, 'Musclos escabetx premium', 20, 7, '24 safates de 500 g', 23.00),
  (55, 'Xocolata negra 70% Rial', 21, 3, '20 caixes x 12', 52.79),
  (56, 'Cervesa artesana', 21, 1, '10 llaunes de 330 ml', 36.74),
  (57, 'seitons en vinagre', 22, 7, '24 paquets de 300 g', 69.18),
  (58, 'Ketchup Fontdelpi', 22, 2, '6 ampolles de 250 ml', 25.47),
  (59, 'Quinoa', 22, 5, '24 bosses de 1 kg', 11.83),
  (60, 'Pesto Delta', 23, 2, '20 ampolles de 250 ml', 57.56),
  (61, 'Botifarra Empordà', 23, 6, '24 bosses de 1 kg', 34.32),
  (62, 'Xocolata negra 70% artesà', 24, 3, '12 safates de 300 g', 29.69),
  (63, 'Pomes Golden clàssic', 24, 8, '20 caixes de 5 kg', 60.46),
  (64, 'Pastanagues', 25, 8, '10 safates de 1 kg', 55.03),
  (65, 'Farina de força clàssic', 25, 5, '20 paquets de 500 g', 19.54),
  (66, 'Ceba dolça', 26, 8, '12 safates de 1 kg', 76.08),
  (67, 'Iogurt natural Penedès', 26, 4, '24 terrines de 500 g', 75.41),
  (68, 'Pasta espagueti clàssic', 27, 5, '10 caixes x 12', 14.23),
  (69, 'Pollastre rostit Selecta', 27, 6, '24 safates de 500 g', 52.81),
  (70, 'Salsa de soja Montseny', 28, 2, '6 pots de 500 g', 74.59),
  (71, 'Formatge curat', 28, 4, '20 envasos de 1 L', 34.23),
  (72, 'Tè negre eco', 29, 1, '24 ampolles de 1 L', 27.10),
  (73, 'Pastanagues', 29, 8, '6 caixes de 5 kg', 29.28),
  (74, 'Pebrots vermells', 30, 8, '6 caixes de 5 kg', 59.94),
  (75, 'Salmó fumat', 30, 7, '12 safates de 500 g', 75.67),
  (76, 'Pomes Golden', 31, 8, '10 caixes de 5 kg', 3.93),
  (77, 'Kefir', 31, 4, '12 iogurts de 125 g', 46.37),
  (78, 'Ketchup Penedès', 31, 2, '20 pots de 500 g', 64.01),
  (79, 'Pesto', 32, 2, '10 ampolles de 250 ml', 21.91),
  (80, 'Mousse de xocolata', 32, 3, '6 safates de 300 g', 62.00),
  (81, 'Refresc de taronja Cristall', 32, 1, '24 ampolles de 500 ml', 41.15),
  (82, 'seitons en vinagre', 33, 7, '10 paquets de 300 g', 12.35),
  (83, 'Cupcakes', 33, 3, '12 caixes x 12', 13.73),
  (84, 'Iogurt natural suau', 33, 4, '6 iogurts de 125 g', 5.22),
  (85, 'Pasta espagueti', 34, 5, '10 bosses de 1 kg', 77.60),
  (86, 'Mousse de xocolata intens', 34, 3, '24 safates de 300 g', 12.29),
  (87, 'Vinagre balsàmic', 34, 2, '20 pots de 250 g', 43.90),
  (88, 'Tomàquets pera Montseny', 35, 8, '10 safates de 1 kg', 30.36),
  (89, 'Refresc de taronja', 35, 1, '24 ampolles de 1 L', 33.36),
  (90, 'Pomes Golden eco', 36, 8, '20 kg', 7.34),
  (91, 'Llet sencera Mediterrani', 36, 4, '10 terrines de 500 g', 75.89),
  (92, 'Tè negre', 36, 1, '24 ampolles de 1 L', 75.69),
  (93, 'Caramels de mel gurmet', 37, 3, '10 barres de 100 g', 19.80),
  (94, 'Suc de poma', 37, 1, '10 ampolles de 1 L', 38.68),
  (95, 'Sardines en llauna', 38, 7, '12 llaunes de 120 g', 71.16),
  (96, 'Tomàquets pera', 38, 8, '12 safates de 1 kg', 3.12),
  (97, 'Torró d''avellana', 39, 3, '20 barres de 100 g', 59.12),
  (98, 'Roast beef tallat eco', 39, 6, '10 safates de 500 g', 26.11),
  (99, 'Botifarra', 40, 6, '6 safates de 500 g', 65.20),
  (100, 'Cupcakes Penedès', 40, 3, '6 barres de 100 g', 44.87),
  (101, 'Refresc de taronja clàssic', 40, 1, '12 ampolles de 1 L', 61.51),
  (102, 'Pebrots vermells', 1, 8, '12 caixes de 5 kg', 34.58),
  (103, 'Arròs bomba', 21, 5, '12 paquets de 500 g', 74.85),
  (104, 'Pastanagues clàssic', 20, 8, '12 caixes de 5 kg', 29.46),
  (105, 'Pomes Golden', 16, 8, '20 caixes de 5 kg', 45.52),
  (106, 'Galetes d''ametlla', 32, 3, '6 barres de 100 g', 30.27),
  (107, 'Refresc de taronja', 38, 1, '6 ampolles de 1 L', 24.52),
  (108, 'Pit de gall dindi', 3, 6, '10 peces', 54.27),
  (109, 'Infusió de camamilla selecció', 31, 1, '6 ampolles de 500 ml', 28.16),
  (110, 'Bacallà dessalat', 39, 7, '6 llaunes de 120 g', 71.92),
  (111, 'seitons en vinagre Raval', 26, 7, '24 paquets de 300 g', 72.18),
  (112, 'Vinagre balsàmic suau', 11, 2, '6 pots de 250 g', 58.97),
  (113, 'Cupcakes', 36, 3, '10 barres de 100 g', 8.64),
  (114, 'Xocolata negra 70% Raval', 2, 3, '10 safates de 300 g', 14.69),
  (115, 'Roast beef tallat Penedès', 8, 6, '12 safates de 500 g', 19.47),
  (116, 'Salmó fumat', 35, 7, '24 paquets de 300 g', 43.56),
  (117, 'Xoriço picant', 22, 6, '24 peces', 41.50),
  (118, 'Mató artesà', 26, 4, '10 envasos de 1 L', 17.19),
  (119, 'Arròs bomba Cristall', 10, 5, '24 paquets de 500 g', 14.30),
  (120, 'Cupcakes', 31, 3, '24 barres de 100 g', 35.02);

INSERT INTO `Comandes` (`IdComanda`,`IdClient`,`IdEmpleat`,`DataComanda`,`IdTransportista`) VALUES
  (15000, 36, 8, '2021-03-25', 3),
  (15001, 29, 10, '2024-06-28', 1),
  (15002, 35, 6, '2021-06-04', 1),
  (15003, 38, 5, '2020-09-09', 3),
  (15004, 58, 9, '2022-12-21', 1),
  (15005, 55, 6, '2021-01-24', 3),
  (15006, 59, 9, '2023-02-17', 2),
  (15007, 16, 9, '2022-01-01', 2),
  (15008, 56, 3, '2024-03-09', 1),
  (15009, 85, 2, '2024-08-18', 3),
  (15010, 53, 5, '2024-05-18', 1),
  (15011, 1, 8, '2020-01-28', 3),
  (15012, 11, 4, '2023-02-10', 2),
  (15013, 81, 5, '2020-08-05', 1),
  (15014, 71, 7, '2023-08-02', 3),
  (15015, 79, 9, '2021-09-05', 2),
  (15016, 41, 6, '2024-10-26', 3),
  (15017, 67, 7, '2022-01-13', 2),
  (15018, 16, 8, '2022-03-21', 1),
  (15019, 46, 8, '2023-09-13', 2),
  (15020, 23, 10, '2023-05-31', 3),
  (15021, 34, 3, '2023-08-28', 2),
  (15022, 77, 5, '2020-03-30', 3),
  (15023, 43, 3, '2023-01-23', 2),
  (15024, 33, 7, '2021-10-02', 1),
  (15025, 48, 9, '2022-06-05', 3),
  (15026, 9, 10, '2020-08-27', 3),
  (15027, 15, 6, '2023-04-12', 1),
  (15028, 15, 10, '2021-03-03', 2),
  (15029, 80, 8, '2021-01-27', 2),
  (15030, 43, 2, '2022-07-30', 3),
  (15031, 63, 2, '2024-12-03', 2),
  (15032, 34, 9, '2024-01-13', 3),
  (15033, 42, 1, '2021-05-07', 2),
  (15034, 61, 5, '2021-02-26', 3),
  (15035, 38, 7, '2021-06-04', 3),
  (15036, 73, 4, '2020-03-05', 1),
  (15037, 75, 6, '2020-02-04', 2),
  (15038, 55, 9, '2023-08-31', 1),
  (15039, 42, 6, '2021-03-02', 2),
  (15040, 15, 8, '2020-04-14', 1),
  (15041, 81, 4, '2022-06-06', 2),
  (15042, 61, 4, '2021-12-07', 3),
  (15043, 15, 2, '2020-05-07', 1),
  (15044, 19, 5, '2022-01-07', 2),
  (15045, 81, 5, '2024-06-27', 1),
  (15046, 73, 10, '2023-06-28', 2),
  (15047, 4, 3, '2021-09-05', 3),
  (15048, 12, 10, '2021-11-29', 2),
  (15049, 40, 8, '2020-05-22', 1),
  (15050, 10, 10, '2021-09-26', 3),
  (15051, 67, 10, '2021-05-11', 1),
  (15052, 81, 9, '2023-04-08', 3),
  (15053, 88, 9, '2022-10-14', 3),
  (15054, 54, 9, '2023-05-18', 2),
  (15055, 17, 2, '2020-02-25', 1),
  (15056, 40, 6, '2020-08-28', 2),
  (15057, 90, 8, '2022-10-26', 3),
  (15058, 31, 8, '2020-12-14', 2),
  (15059, 63, 10, '2020-12-11', 3),
  (15060, 31, 1, '2021-11-15', 3),
  (15061, 6, 10, '2024-02-07', 2),
  (15062, 23, 9, '2021-08-24', 2),
  (15063, 1, 3, '2024-08-16', 3),
  (15064, 79, 1, '2020-10-31', 3),
  (15065, 30, 9, '2024-10-26', 2),
  (15066, 27, 6, '2023-09-11', 3),
  (15067, 42, 8, '2022-09-30', 1),
  (15068, 43, 4, '2023-07-11', 2),
  (15069, 74, 6, '2022-02-21', 1),
  (15070, 33, 10, '2020-10-14', 1),
  (15071, 8, 1, '2022-06-21', 1),
  (15072, 30, 3, '2022-05-05', 1),
  (15073, 57, 2, '2021-09-01', 1),
  (15074, 32, 6, '2021-01-18', 1),
  (15075, 61, 4, '2021-06-30', 2),
  (15076, 66, 8, '2023-08-07', 2),
  (15077, 58, 10, '2022-11-12', 2),
  (15078, 54, 2, '2020-08-03', 1),
  (15079, 74, 8, '2022-11-05', 1),
  (15080, 27, 9, '2024-05-10', 1),
  (15081, 13, 4, '2023-01-03', 3),
  (15082, 50, 2, '2020-05-29', 2),
  (15083, 52, 3, '2024-02-27', 2),
  (15084, 81, 8, '2022-12-07', 2),
  (15085, 41, 4, '2022-02-01', 2),
  (15086, 32, 3, '2022-11-26', 1),
  (15087, 29, 1, '2024-12-11', 1),
  (15088, 52, 7, '2023-02-22', 3),
  (15089, 82, 3, '2023-07-15', 3),
  (15090, 85, 10, '2023-02-23', 2),
  (15091, 29, 10, '2023-04-10', 2),
  (15092, 63, 5, '2024-04-19', 2),
  (15093, 79, 3, '2024-02-06', 2),
  (15094, 15, 5, '2021-03-20', 1),
  (15095, 76, 8, '2023-05-12', 1),
  (15096, 1, 2, '2021-01-05', 1),
  (15097, 63, 2, '2021-09-09', 2),
  (15098, 62, 6, '2024-12-09', 1),
  (15099, 69, 8, '2021-08-02', 2),
  (15100, 81, 10, '2021-06-04', 2),
  (15101, 75, 3, '2020-08-03', 1),
  (15102, 13, 5, '2022-10-29', 3),
  (15103, 81, 4, '2023-05-26', 1),
  (15104, 23, 8, '2022-07-23', 1),
  (15105, 18, 4, '2020-08-01', 2),
  (15106, 74, 8, '2022-05-24', 2),
  (15107, 41, 4, '2022-01-27', 1),
  (15108, 77, 5, '2021-12-12', 3),
  (15109, 17, 5, '2020-03-20', 2),
  (15110, 73, 8, '2022-09-27', 1),
  (15111, 18, 9, '2021-12-17', 1),
  (15112, 78, 2, '2022-12-09', 2),
  (15113, 40, 1, '2024-06-07', 3),
  (15114, 67, 4, '2024-04-03', 3),
  (15115, 14, 1, '2020-09-17', 1),
  (15116, 63, 10, '2022-07-22', 1),
  (15117, 87, 9, '2023-06-23', 3),
  (15118, 40, 8, '2020-05-14', 2),
  (15119, 20, 5, '2021-07-18', 1),
  (15120, 22, 9, '2023-02-16', 3),
  (15121, 42, 6, '2024-05-31', 1),
  (15122, 36, 7, '2021-06-06', 3),
  (15123, 6, 2, '2023-12-04', 2),
  (15124, 12, 6, '2024-05-05', 2),
  (15125, 9, 7, '2022-02-14', 2),
  (15126, 59, 1, '2020-04-03', 3),
  (15127, 38, 8, '2021-08-13', 2),
  (15128, 7, 1, '2024-09-20', 1),
  (15129, 41, 4, '2022-07-21', 3),
  (15130, 75, 7, '2020-04-26', 1),
  (15131, 10, 3, '2024-12-10', 1),
  (15132, 1, 3, '2021-10-14', 1),
  (15133, 64, 7, '2024-04-28', 1),
  (15134, 69, 3, '2022-06-24', 3),
  (15135, 69, 2, '2024-05-01', 2),
  (15136, 56, 10, '2021-01-23', 2),
  (15137, 37, 1, '2020-10-20', 1),
  (15138, 50, 2, '2020-11-30', 2),
  (15139, 34, 5, '2020-07-17', 1),
  (15140, 77, 8, '2022-04-23', 2),
  (15141, 55, 8, '2021-07-06', 1),
  (15142, 34, 3, '2024-03-07', 2),
  (15143, 31, 5, '2024-09-29', 1),
  (15144, 64, 4, '2022-03-07', 3),
  (15145, 47, 2, '2023-05-17', 1),
  (15146, 88, 6, '2022-03-10', 2),
  (15147, 47, 8, '2022-02-09', 2),
  (15148, 65, 3, '2024-02-25', 1),
  (15149, 49, 7, '2024-08-10', 3),
  (15150, 59, 10, '2023-05-29', 2),
  (15151, 48, 10, '2024-08-17', 3),
  (15152, 76, 10, '2022-02-09', 1),
  (15153, 64, 4, '2021-12-16', 2),
  (15154, 25, 6, '2024-04-15', 3),
  (15155, 88, 7, '2023-11-21', 1),
  (15156, 56, 5, '2021-08-24', 2),
  (15157, 68, 4, '2020-04-28', 1),
  (15158, 53, 1, '2024-02-04', 2),
  (15159, 52, 5, '2024-03-31', 2),
  (15160, 12, 9, '2022-09-16', 3),
  (15161, 86, 7, '2023-08-17', 2),
  (15162, 14, 8, '2020-02-10', 2),
  (15163, 20, 2, '2022-02-08', 3),
  (15164, 38, 4, '2021-02-08', 3),
  (15165, 81, 1, '2020-08-25', 2),
  (15166, 31, 6, '2023-11-19', 3),
  (15167, 69, 7, '2024-06-30', 2),
  (15168, 86, 3, '2021-03-09', 3),
  (15169, 4, 5, '2023-10-18', 1),
  (15170, 12, 4, '2020-09-03', 3),
  (15171, 51, 5, '2022-12-06', 2),
  (15172, 41, 4, '2022-09-03', 1),
  (15173, 5, 8, '2022-08-09', 1),
  (15174, 61, 3, '2024-04-23', 2),
  (15175, 9, 8, '2020-07-08', 3),
  (15176, 81, 9, '2024-08-11', 2),
  (15177, 18, 6, '2021-03-14', 3),
  (15178, 8, 8, '2021-06-05', 3),
  (15179, 43, 1, '2024-07-06', 2),
  (15180, 81, 9, '2021-11-27', 1),
  (15181, 24, 5, '2024-08-19', 3),
  (15182, 21, 1, '2024-12-06', 1),
  (15183, 18, 4, '2023-02-25', 1),
  (15184, 17, 4, '2021-10-30', 3),
  (15185, 33, 1, '2022-02-27', 3),
  (15186, 52, 1, '2020-08-30', 2),
  (15187, 28, 9, '2021-01-18', 3),
  (15188, 60, 9, '2021-01-19', 1),
  (15189, 33, 5, '2022-09-13', 2),
  (15190, 83, 7, '2021-02-12', 3),
  (15191, 38, 6, '2024-08-09', 2),
  (15192, 50, 10, '2021-07-17', 1),
  (15193, 4, 6, '2022-05-09', 1),
  (15194, 81, 6, '2022-11-16', 2),
  (15195, 27, 7, '2022-02-05', 2),
  (15196, 10, 1, '2022-03-30', 2),
  (15197, 76, 7, '2024-08-22', 1),
  (15198, 7, 6, '2022-08-21', 1),
  (15199, 82, 10, '2020-02-14', 2),
  (15200, 75, 10, '2021-09-05', 1),
  (15201, 16, 2, '2022-04-05', 2),
  (15202, 61, 9, '2020-05-20', 3),
  (15203, 42, 8, '2022-02-13', 2),
  (15204, 7, 3, '2022-04-10', 1),
  (15205, 84, 7, '2022-09-13', 3),
  (15206, 19, 3, '2023-12-26', 1),
  (15207, 14, 3, '2021-03-17', 2),
  (15208, 38, 9, '2023-09-20', 2),
  (15209, 36, 6, '2022-11-06', 3),
  (15210, 11, 2, '2023-06-05', 3),
  (15211, 56, 6, '2023-03-15', 2),
  (15212, 57, 6, '2022-01-29', 1),
  (15213, 56, 4, '2024-08-23', 1),
  (15214, 71, 4, '2024-02-21', 1),
  (15215, 46, 4, '2021-09-05', 3),
  (15216, 45, 7, '2020-07-02', 3),
  (15217, 6, 9, '2024-12-14', 2),
  (15218, 88, 9, '2022-09-28', 3),
  (15219, 26, 10, '2021-11-25', 3);

INSERT INTO `DetallsComanda` (`IdDetallComanda`,`IdComanda`,`IdProducte`,`Quantitat`) VALUES
  (1, 15000, 36, 1),
  (2, 15000, 3, 12),
  (3, 15000, 109, 11),
  (4, 15001, 79, 4),
  (5, 15001, 68, 14),
  (6, 15001, 30, 6),
  (7, 15001, 107, 15),
  (8, 15002, 61, 10),
  (9, 15002, 1, 6),
  (10, 15002, 89, 4),
  (11, 15002, 51, 12),
  (12, 15003, 61, 11),
  (13, 15003, 20, 12),
  (14, 15004, 24, 2),
  (15, 15005, 15, 3),
  (16, 15005, 69, 1),
  (17, 15006, 13, 3),
  (18, 15006, 45, 11),
  (19, 15006, 68, 2),
  (20, 15006, 8, 5),
  (21, 15007, 98, 15),
  (22, 15007, 86, 1),
  (23, 15007, 60, 3),
  (24, 15008, 90, 6),
  (25, 15008, 27, 8),
  (26, 15008, 85, 6),
  (27, 15008, 74, 15),
  (28, 15009, 75, 12),
  (29, 15009, 57, 10),
  (30, 15009, 94, 1),
  (31, 15009, 62, 12),
  (32, 15010, 51, 11),
  (33, 15010, 7, 12),
  (34, 15010, 30, 4),
  (35, 15011, 77, 4),
  (36, 15011, 83, 13),
  (37, 15011, 99, 8),
  (38, 15011, 105, 2),
  (39, 15012, 118, 3),
  (40, 15012, 76, 9),
  (41, 15012, 109, 11),
  (42, 15013, 41, 11),
  (43, 15013, 43, 1),
  (44, 15013, 10, 5),
  (45, 15014, 106, 1),
  (46, 15014, 32, 9),
  (47, 15014, 112, 2),
  (48, 15014, 21, 8),
  (49, 15015, 34, 13),
  (50, 15015, 101, 12),
  (51, 15015, 108, 7),
  (52, 15016, 36, 7),
  (53, 15016, 120, 14),
  (54, 15016, 9, 11),
  (55, 15016, 66, 10),
  (56, 15017, 24, 11),
  (57, 15017, 8, 10),
  (58, 15018, 88, 4),
  (59, 15019, 79, 4),
  (60, 15019, 14, 8),
  (61, 15019, 97, 13),
  (62, 15019, 22, 13),
  (63, 15020, 58, 9),
  (64, 15020, 23, 1),
  (65, 15021, 37, 13),
  (66, 15021, 54, 1),
  (67, 15022, 43, 4),
  (68, 15022, 105, 13),
  (69, 15022, 81, 5),
  (70, 15022, 113, 10),
  (71, 15023, 108, 3),
  (72, 15024, 107, 14),
  (73, 15025, 93, 6),
  (74, 15025, 44, 7),
  (75, 15026, 13, 14),
  (76, 15026, 28, 15),
  (77, 15026, 41, 13),
  (78, 15027, 65, 10),
  (79, 15028, 45, 11),
  (80, 15028, 72, 6),
  (81, 15028, 87, 15),
  (82, 15028, 11, 13),
  (83, 15029, 120, 14),
  (84, 15029, 80, 5),
  (85, 15029, 20, 14),
  (86, 15029, 100, 13),
  (87, 15030, 79, 5),
  (88, 15031, 59, 13),
  (89, 15031, 36, 6),
  (90, 15031, 37, 11),
  (91, 15031, 90, 10),
  (92, 15032, 36, 13),
  (93, 15033, 26, 7),
  (94, 15033, 90, 14),
  (95, 15034, 101, 10),
  (96, 15034, 119, 1),
  (97, 15034, 62, 2),
  (98, 15034, 19, 2),
  (99, 15035, 95, 1),
  (100, 15036, 85, 5),
  (101, 15036, 1, 10),
  (102, 15037, 14, 10),
  (103, 15037, 2, 2),
  (104, 15038, 33, 8),
  (105, 15038, 8, 7),
  (106, 15039, 42, 14),
  (107, 15039, 48, 14),
  (108, 15039, 120, 10),
  (109, 15040, 111, 8),
  (110, 15040, 97, 1),
  (111, 15041, 119, 11),
  (112, 15041, 6, 1),
  (113, 15041, 76, 7),
  (114, 15041, 8, 10),
  (115, 15042, 50, 5),
  (116, 15042, 117, 3),
  (117, 15042, 1, 5),
  (118, 15042, 115, 10),
  (119, 15043, 3, 4),
  (120, 15043, 8, 11),
  (121, 15043, 32, 11),
  (122, 15043, 98, 1),
  (123, 15044, 42, 7),
  (124, 15045, 89, 11),
  (125, 15045, 18, 8),
  (126, 15045, 90, 9),
  (127, 15045, 14, 6),
  (128, 15046, 39, 5),
  (129, 15046, 87, 13),
  (130, 15046, 43, 1),
  (131, 15047, 66, 4),
  (132, 15047, 32, 13),
  (133, 15047, 71, 9),
  (134, 15047, 50, 4),
  (135, 15048, 102, 15),
  (136, 15048, 91, 6),
  (137, 15048, 112, 6),
  (138, 15049, 95, 13),
  (139, 15049, 9, 7),
  (140, 15049, 96, 9),
  (141, 15050, 114, 12),
  (142, 15050, 84, 8),
  (143, 15051, 32, 12),
  (144, 15051, 72, 4),
  (145, 15052, 91, 15),
  (146, 15052, 81, 4),
  (147, 15052, 85, 10),
  (148, 15052, 74, 5),
  (149, 15053, 108, 8),
  (150, 15053, 74, 4),
  (151, 15053, 106, 5),
  (152, 15053, 21, 4),
  (153, 15054, 88, 13),
  (154, 15054, 30, 11),
  (155, 15054, 1, 5),
  (156, 15054, 49, 7),
  (157, 15055, 90, 10),
  (158, 15055, 99, 13),
  (159, 15056, 49, 4),
  (160, 15056, 97, 9),
  (161, 15056, 29, 12),
  (162, 15056, 79, 12),
  (163, 15057, 73, 3),
  (164, 15057, 86, 13),
  (165, 15058, 105, 8),
  (166, 15058, 109, 5),
  (167, 15059, 101, 4),
  (168, 15059, 105, 9),
  (169, 15059, 74, 9),
  (170, 15059, 65, 13),
  (171, 15060, 97, 7),
  (172, 15060, 77, 8),
  (173, 15060, 40, 2),
  (174, 15060, 84, 6),
  (175, 15061, 57, 1),
  (176, 15061, 94, 14),
  (177, 15061, 48, 1),
  (178, 15062, 54, 9),
  (179, 15062, 77, 1),
  (180, 15063, 113, 15),
  (181, 15064, 42, 2),
  (182, 15064, 76, 5),
  (183, 15064, 26, 7),
  (184, 15065, 118, 10),
  (185, 15065, 32, 13),
  (186, 15066, 81, 14),
  (187, 15066, 86, 10),
  (188, 15066, 31, 14),
  (189, 15067, 101, 10),
  (190, 15068, 59, 11),
  (191, 15069, 51, 4),
  (192, 15069, 14, 9),
  (193, 15069, 5, 12),
  (194, 15069, 49, 2),
  (195, 15070, 120, 7),
  (196, 15070, 118, 6),
  (197, 15070, 85, 1),
  (198, 15071, 112, 13),
  (199, 15071, 33, 11),
  (200, 15071, 80, 12),
  (201, 15071, 74, 14),
  (202, 15072, 59, 12),
  (203, 15073, 77, 5),
  (204, 15073, 89, 12),
  (205, 15074, 105, 7),
  (206, 15075, 72, 11),
  (207, 15076, 48, 5),
  (208, 15077, 25, 9),
  (209, 15077, 33, 6),
  (210, 15077, 57, 2),
  (211, 15078, 11, 8),
  (212, 15079, 103, 13),
  (213, 15080, 73, 10),
  (214, 15081, 106, 1),
  (215, 15081, 30, 10),
  (216, 15081, 96, 11),
  (217, 15082, 46, 10),
  (218, 15083, 77, 7),
  (219, 15084, 102, 2),
  (220, 15084, 20, 7),
  (221, 15084, 26, 15),
  (222, 15084, 55, 9),
  (223, 15085, 62, 10),
  (224, 15086, 43, 9),
  (225, 15086, 96, 11),
  (226, 15086, 67, 15),
  (227, 15087, 29, 8),
  (228, 15087, 72, 8),
  (229, 15087, 6, 14),
  (230, 15088, 5, 6),
  (231, 15088, 38, 2),
  (232, 15088, 24, 6),
  (233, 15089, 62, 12),
  (234, 15090, 91, 2),
  (235, 15090, 39, 3),
  (236, 15090, 95, 11),
  (237, 15090, 117, 4),
  (238, 15091, 53, 7),
  (239, 15091, 68, 4),
  (240, 15091, 29, 14),
  (241, 15092, 100, 13),
  (242, 15092, 23, 5),
  (243, 15092, 87, 1),
  (244, 15093, 112, 8),
  (245, 15093, 89, 9),
  (246, 15093, 11, 14),
  (247, 15094, 63, 4),
  (248, 15094, 94, 8),
  (249, 15094, 43, 7),
  (250, 15095, 87, 12),
  (251, 15095, 83, 1),
  (252, 15096, 96, 12),
  (253, 15096, 113, 8),
  (254, 15096, 48, 8),
  (255, 15096, 38, 11),
  (256, 15097, 40, 12),
  (257, 15097, 39, 8),
  (258, 15098, 96, 9),
  (259, 15098, 116, 5),
  (260, 15099, 10, 2),
  (261, 15099, 112, 3),
  (262, 15099, 57, 13),
  (263, 15099, 19, 2),
  (264, 15100, 110, 12),
  (265, 15100, 14, 5),
  (266, 15100, 86, 2),
  (267, 15100, 93, 8),
  (268, 15101, 72, 1),
  (269, 15101, 82, 4),
  (270, 15101, 60, 8),
  (271, 15102, 28, 12),
  (272, 15103, 74, 10),
  (273, 15103, 20, 9),
  (274, 15103, 48, 7),
  (275, 15103, 96, 11),
  (276, 15104, 76, 9),
  (277, 15104, 1, 1),
  (278, 15105, 64, 14),
  (279, 15106, 56, 5),
  (280, 15106, 71, 6),
  (281, 15107, 32, 8),
  (282, 15107, 36, 2),
  (283, 15107, 10, 8),
  (284, 15107, 118, 13),
  (285, 15108, 36, 10),
  (286, 15108, 89, 9),
  (287, 15108, 1, 3),
  (288, 15109, 82, 12),
  (289, 15109, 58, 2),
  (290, 15109, 39, 2),
  (291, 15109, 85, 9),
  (292, 15110, 36, 5),
  (293, 15111, 58, 15),
  (294, 15111, 56, 1),
  (295, 15112, 90, 12),
  (296, 15113, 12, 1),
  (297, 15113, 62, 11),
  (298, 15114, 49, 14),
  (299, 15114, 109, 11),
  (300, 15114, 56, 11),
  (301, 15115, 68, 8),
  (302, 15115, 40, 3),
  (303, 15116, 53, 9),
  (304, 15116, 49, 15),
  (305, 15116, 97, 6),
  (306, 15117, 96, 1),
  (307, 15117, 57, 12),
  (308, 15117, 95, 3),
  (309, 15118, 106, 14),
  (310, 15119, 91, 13),
  (311, 15119, 86, 8),
  (312, 15120, 6, 15),
  (313, 15120, 115, 1),
  (314, 15120, 118, 8),
  (315, 15120, 109, 11),
  (316, 15121, 110, 6),
  (317, 15121, 6, 5),
  (318, 15121, 64, 3),
  (319, 15122, 59, 11),
  (320, 15122, 42, 8),
  (321, 15122, 84, 7),
  (322, 15122, 109, 12),
  (323, 15123, 94, 12),
  (324, 15123, 118, 15),
  (325, 15123, 1, 5),
  (326, 15124, 44, 14),
  (327, 15125, 85, 8),
  (328, 15125, 52, 1),
  (329, 15126, 55, 12),
  (330, 15126, 67, 12),
  (331, 15126, 108, 4),
  (332, 15126, 75, 13),
  (333, 15127, 42, 5),
  (334, 15128, 95, 11),
  (335, 15129, 90, 10),
  (336, 15129, 64, 1),
  (337, 15130, 94, 12),
  (338, 15130, 75, 1),
  (339, 15130, 57, 15),
  (340, 15131, 113, 9),
  (341, 15132, 43, 1),
  (342, 15132, 4, 6),
  (343, 15132, 39, 14),
  (344, 15132, 119, 6),
  (345, 15133, 10, 4),
  (346, 15134, 41, 11),
  (347, 15134, 90, 12),
  (348, 15134, 17, 12),
  (349, 15135, 60, 13),
  (350, 15135, 56, 5),
  (351, 15136, 109, 12),
  (352, 15136, 113, 12),
  (353, 15136, 6, 4),
  (354, 15136, 111, 4),
  (355, 15137, 33, 9),
  (356, 15138, 10, 4),
  (357, 15138, 64, 14),
  (358, 15138, 116, 8),
  (359, 15139, 90, 7),
  (360, 15139, 13, 9),
  (361, 15139, 111, 14),
  (362, 15140, 12, 4),
  (363, 15140, 52, 10),
  (364, 15140, 25, 4),
  (365, 15141, 47, 12),
  (366, 15141, 19, 7),
  (367, 15142, 97, 14),
  (368, 15142, 117, 15),
  (369, 15142, 92, 4),
  (370, 15142, 45, 14),
  (371, 15143, 47, 6),
  (372, 15144, 72, 5),
  (373, 15144, 27, 13),
  (374, 15145, 25, 12),
  (375, 15145, 78, 13),
  (376, 15145, 34, 15),
  (377, 15145, 109, 10),
  (378, 15146, 97, 3),
  (379, 15146, 82, 6),
  (380, 15147, 88, 3),
  (381, 15147, 61, 1),
  (382, 15148, 42, 15),
  (383, 15149, 24, 2),
  (384, 15149, 2, 8),
  (385, 15149, 45, 1),
  (386, 15149, 62, 12),
  (387, 15150, 86, 7),
  (388, 15150, 89, 12),
  (389, 15150, 107, 11),
  (390, 15151, 67, 13),
  (391, 15151, 100, 5),
  (392, 15152, 96, 3),
  (393, 15152, 79, 6),
  (394, 15152, 99, 13),
  (395, 15152, 120, 7),
  (396, 15153, 9, 3),
  (397, 15153, 79, 14),
  (398, 15154, 26, 3),
  (399, 15155, 93, 10),
  (400, 15156, 15, 13),
  (401, 15156, 96, 4),
  (402, 15156, 27, 7),
  (403, 15156, 88, 15),
  (404, 15157, 67, 5),
  (405, 15158, 87, 7),
  (406, 15158, 30, 1),
  (407, 15159, 35, 8),
  (408, 15160, 42, 8),
  (409, 15160, 76, 7),
  (410, 15160, 11, 11),
  (411, 15161, 41, 2),
  (412, 15161, 56, 1),
  (413, 15161, 57, 8),
  (414, 15161, 53, 1),
  (415, 15162, 33, 2),
  (416, 15162, 120, 14),
  (417, 15163, 104, 5),
  (418, 15164, 68, 2),
  (419, 15164, 71, 7),
  (420, 15165, 19, 6),
  (421, 15166, 62, 11),
  (422, 15166, 63, 6),
  (423, 15167, 32, 8),
  (424, 15167, 106, 7),
  (425, 15168, 38, 3),
  (426, 15168, 15, 14),
  (427, 15169, 65, 8),
  (428, 15169, 21, 12),
  (429, 15170, 93, 13),
  (430, 15170, 49, 11),
  (431, 15170, 94, 15),
  (432, 15171, 61, 5),
  (433, 15171, 16, 15),
  (434, 15171, 106, 13),
  (435, 15172, 45, 4),
  (436, 15172, 62, 13),
  (437, 15172, 99, 1),
  (438, 15173, 107, 11),
  (439, 15174, 109, 4),
  (440, 15174, 86, 13),
  (441, 15175, 52, 6),
  (442, 15175, 105, 13),
  (443, 15175, 63, 10),
  (444, 15175, 58, 15),
  (445, 15176, 54, 7),
  (446, 15176, 52, 4),
  (447, 15177, 93, 9),
  (448, 15177, 52, 1),
  (449, 15177, 61, 15),
  (450, 15177, 68, 7),
  (451, 15178, 117, 6),
  (452, 15178, 33, 10),
  (453, 15178, 53, 4),
  (454, 15178, 18, 11),
  (455, 15179, 40, 12),
  (456, 15179, 32, 4),
  (457, 15180, 90, 13),
  (458, 15181, 117, 9),
  (459, 15182, 28, 12),
  (460, 15182, 50, 2),
  (461, 15182, 41, 9),
  (462, 15183, 47, 6),
  (463, 15183, 106, 10),
  (464, 15183, 54, 15),
  (465, 15183, 39, 7),
  (466, 15184, 6, 9),
  (467, 15185, 46, 5),
  (468, 15185, 27, 12),
  (469, 15185, 118, 8),
  (470, 15185, 4, 5),
  (471, 15186, 3, 6),
  (472, 15186, 85, 9),
  (473, 15186, 11, 13),
  (474, 15187, 90, 5),
  (475, 15187, 94, 12),
  (476, 15187, 7, 6),
  (477, 15187, 6, 13),
  (478, 15188, 77, 11),
  (479, 15188, 49, 4),
  (480, 15188, 110, 1),
  (481, 15189, 107, 14),
  (482, 15189, 37, 11),
  (483, 15189, 74, 1),
  (484, 15190, 22, 9),
  (485, 15190, 41, 13),
  (486, 15191, 75, 10),
  (487, 15191, 11, 14),
  (488, 15192, 65, 4),
  (489, 15192, 58, 9),
  (490, 15193, 75, 7),
  (491, 15194, 105, 6),
  (492, 15194, 20, 8),
  (493, 15194, 68, 11),
  (494, 15194, 102, 7),
  (495, 15195, 3, 15),
  (496, 15195, 106, 11),
  (497, 15195, 17, 3),
  (498, 15195, 57, 5),
  (499, 15196, 57, 3),
  (500, 15196, 23, 10),
  (501, 15196, 106, 10),
  (502, 15196, 96, 7),
  (503, 15197, 100, 15),
  (504, 15197, 80, 2),
  (505, 15197, 78, 15),
  (506, 15198, 34, 12),
  (507, 15198, 113, 10),
  (508, 15198, 16, 8),
  (509, 15199, 3, 7),
  (510, 15199, 54, 1),
  (511, 15199, 5, 3),
  (512, 15200, 67, 10),
  (513, 15200, 40, 9),
  (514, 15200, 48, 15),
  (515, 15201, 116, 7),
  (516, 15201, 55, 15),
  (517, 15202, 102, 6),
  (518, 15202, 103, 11),
  (519, 15203, 44, 10),
  (520, 15204, 93, 10),
  (521, 15204, 12, 3),
  (522, 15205, 113, 8),
  (523, 15205, 87, 1),
  (524, 15205, 118, 7),
  (525, 15205, 65, 15),
  (526, 15206, 105, 3),
  (527, 15207, 74, 9),
  (528, 15208, 2, 13),
  (529, 15208, 61, 13),
  (530, 15208, 30, 2),
  (531, 15209, 77, 3),
  (532, 15209, 105, 8),
  (533, 15209, 1, 6),
  (534, 15209, 38, 13),
  (535, 15210, 13, 1),
  (536, 15210, 22, 8),
  (537, 15211, 68, 12),
  (538, 15211, 87, 15),
  (539, 15212, 84, 6),
  (540, 15212, 1, 1),
  (541, 15212, 48, 14),
  (542, 15213, 38, 8),
  (543, 15213, 46, 15),
  (544, 15214, 28, 15),
  (545, 15215, 22, 5),
  (546, 15215, 19, 9),
  (547, 15215, 67, 15),
  (548, 15216, 80, 5),
  (549, 15216, 28, 11),
  (550, 15216, 118, 12),
  (551, 15217, 54, 10),
  (552, 15217, 69, 10),
  (553, 15217, 109, 9),
  (554, 15217, 118, 9),
  (555, 15218, 95, 11),
  (556, 15218, 53, 3),
  (557, 15218, 92, 3),
  (558, 15218, 85, 3),
  (559, 15219, 63, 12),
  (560, 15219, 118, 11),
  (561, 15219, 40, 13),
  (562, 15219, 69, 6);

