{
  "module": {
    "code": "0373",
    "name": "Llenguatges de marques"
  },
  "presentations": [
    {
      "order": 0,
      "title": "Introducció · Mòdul 0373 - Llenguatges de marques",
      "src": "slides/introduccio.reveal",
      "description": "Introducció · Mòdul 0373 - Llenguatges de marques"
    },
    {
      "order": 0,
      "title": "Introducció XML · Mòdul 0373 - Llenguatges de marques",
      "src": "slides/002_Introduccio_XML.reveal",
      "description": "Introducció XML · Mòdul 0373 - Llenguatges de marques"
    }
  ]
}